{"cameraMode":{"drawMode":0,"name":"Shaded","section":"Shading Mode"},"sceneLighting":false,"audioPlay":false,"sceneViewState":{"showFog":true,"showMaterialUpdate":false,"showSkybox":true,"showFlares":true,"showImageEffects":true,"showParticleSystems":true},"in2DMode":false,"pivot":{"x":1.162406086921692,"y":2.3995091915130617,"z":3.625412702560425},"rotation":{"x":0.007270378060638905,"y":-0.9787514805793762,"z":0.03525029867887497,"w":0.20186790823936463},"size":3.690113067626953,"orthographic":false}