{"cameraMode":{"drawMode":0,"name":"Shaded","section":"Shading Mode"},"sceneLighting":true,"audioPlay":false,"sceneViewState":{"showFog":true,"showMaterialUpdate":false,"showSkybox":true,"showFlares":true,"showImageEffects":true,"showParticleSystems":true},"in2DMode":false,"pivot":{"x":1.2697668075561524,"y":-4.510683059692383,"z":17.781307220458986},"rotation":{"x":0.25599732995033266,"y":0.011599799618124962,"z":-0.003072140971198678,"w":0.9666038155555725},"size":32.73988723754883,"orthographic":false}